question,answer
"steps apply","Register online on the official TNEA website.Fill your details (name, marks, community, etc.).Upload documents (mark sheet, community certificate, etc.).Pay the application fee online.Verify your documents (online or at TNEA centers).Check your rank list published by TNEA.Choose your preferred colleges/courses during counselling.Get seat allotment based on your rank and choices.Confirm the seat and download the allotment letter.Join the allotted college on the given date."
"tnea means","process of getting engineering college seats in Tamil Nadu based on 12th marks, do u want to know its steps?"
"help made mistake","contact TFC center, do u want to know how to contact?"
"how to contact?","enter your district name"
"TFC center means","A TFC Centre is a help center set up by Anna University in each district to assist students during TNEA engineering counselling, do u want to know how to contact?"
"University Departments of Anna University Chennai - CEG Campus Sardar Patel Road Guindy Chennai 600 025","tier:1, district:Chennai, college_type:SF"
"University Departments of Anna University Chennai - MIT Campus Chrompet Tambaram Taluk Chengalpattu District 600 044","tier:1, district:Chennai, college_type:SF"
"Sri Sivasubramaniya Nadar College of Engineering (Autonomous), Rajiv Gandhi Salai (OMR), Kalavakkam,Kanchipuram District-603110.","tier:1, district:Kanchipuram, college_type:AUTONOMOUS"
"PSG College of Technology (Autonomous) Peelamedu Coimbatore District 641004","tier:1, district:Coimbatore, college_type:AUTONOMOUS"
"Coimbatore Institute of Technology (Autonomous) Civil Aerodrome Post Coimbatore District 641014","tier:1, district:Coimbatore, college_type:AUTONOMOUS"
"Thiagarajar College of Engineering (Autonomous) Tirupparankundram Madurai District 625015","tier:1, district:Madurai, college_type:AUTONOMOUS"
"PSG Institute of Technology and Applied Research, Avinashi Road,Neelambur, Sulur,Coimbatore -641062.","tier:2, district:Coimbatore, college_type:SF"
"Government College of Technology (Autonomous) Thadagam Road Coimbatore District 641013","tier:1, district:Coimbatore, college_type:AUTONOMOUS"
"Chennai Institute of Technology (Autonomous) Puduper Village Nandambakkam Post Kundrathur Chennai 600069","tier:2, district:Chennai, college_type:AUTONOMOUS"
"Kumaraguru College of Technology (Autonomous), Chinnavedampatti, Coimbatore-641049.","tier:1, district:Coimbatore, college_type:AUTONOMOUS"
"Central Electrochemical Research Institute CECRI Karaikudi Sivagangai District 630006","tier:4, district:Sivagangai, college_type:SF"
"Prince Shri Venkateshwaraa Padmavathy Engineering College (Autonomous), Medavakkam - Mambakkam Road, Ponmar, Kanchipuram, Chennai-600127.","tier:2, district:Chennai, college_type:AUTONOMOUS"
"Government College of Engineering (Autonomous) Karuppur Salem District 636011","tier:2, district:Salem, college_type:AUTONOMOUS"
"University Departments of Anna University Chennai - ACT Campus Sardar Patel Road Guindy Chennai 600 025","tier:1, district:Chennai, college_type:SF"
"Government College of Engineering Tirunelveli District 627007","tier:3, district:Tirunelveli, college_type:GOVT"
"Sri Krishna College of Engineering and Technology (Autonomous), Sugunapuram, Kuniamuthur Post, Coimbatore-641008.","tier:2, district:Coimbatore, college_type:AUTONOMOUS"
"Prince Dr. K. Vasudevan College of Engineering and Technology, Medavakkam-Mambakkam Road, Ponmar, Chennai-600127.","tier:2, district:Chennai, college_type:SF"
"Rajalakshmi Engineering College (Autonomous), Rajalakshmi Nagar, Thandalam, Kanchipuram, Chennai-602105.","tier:2, district:Chennai, college_type:AUTONOMOUS"
"Alagappa Chettair Government College of Engineering and Technology (Autonomous) Karaikudi Sivagangai District 630004","tier:4, district:Sivagangai, college_type:AUTONOMOUS"
"Sri Eshwar College of Engineering (Autonomous), Kondampatti Post, Vadasithur Via, Coimbatore-641202.","tier:2, district:Coimbatore, college_type:AUTONOMOUS"
"Sri Venkateswara College of Engineering (Autonomous), Post Bag No.3, Pennalur, Sriperumbudur, Kanchipuram-602105.","tier:1, district:Kanchipuram, college_type:AUTONOMOUS"
"Karpagam College of Engineering (Autonomous), S.F.No.758,759,760 Othakkal Mandapam, Coimbatore -641032.","tier:2, district:Coimbatore, college_type:AUTONOMOUS"
"KPR Institute of Engineering and Technology (Autonomous), SF:204/2 & 204/4, Kollupalayam Village, Arasur Panchayat, Coimbatore-641407.","tier:2, district:Coimbatore, college_type:AUTONOMOUS"
"Anna University Regional Campus - Coimbatore Maruthamalai Main Road Navavoor Bharathiyar University Post Somayampalayam Coimbatore District 641046","tier:2, district:Coimbatore, college_type:SF"
"Loyola-ICAM College of Engineering and Technology, Loyola College Campus, Chennai-600034.","tier:2, district:Chennai, college_type:SF"
"Government College of Engineering (Formerly Institute of Road and Transport Technology) Vasavi College Post Erode District 638316","tier:2, district:Erode, college_type:GOVT"
"Rajalakshmi Institute of Technology (Autonomous), Bangalore Highway Road, Kuthambakkam, Chennai-600124.","tier:2, district:Chennai, college_type:AUTONOMOUS"
"R.M.K. Engineering College (Autonomous), R.S.M. Nagar, Kavaraipettai, Gummidipoondi Taluk, Thiruvallur-601206.","tier:2, district:Thiruvallur, college_type:AUTONOMOUS"
"Bannari Amman Institute of Technology (Autonomous), Sathy-Bhavani Road, (State Highway), Alathukombai Post, Sathyamangalam (Taluk), Erode District-638401.","tier:2, district:Erode, college_type:AUTONOMOUS"
"Government College of Engineering (Autonomous) Bargur Krishnagiri District 635104","tier:2, district:Krishnagiri, college_type:AUTONOMOUS"
"School of Architecture and Planning Anna University Chennai 600025","tier:1, district:Chennai, college_type:SF"
"RVS College of Engineering and Technology (Autonomous), Kumaran Kottam Campus, Kannampalayam Post, Coimbatore-641402.","tier:2, district:Coimbatore, college_type:AUTONOMOUS"
"Mepco Schlenk Engineering College (Autonomous), Sivakasi,Mepco Engineering College Post,Virudhunagar District-626005.","tier:3, district:Virudhunagar, college_type:AUTONOMOUS"
"Velammal College of Engineering and Technology (Autonomous), Velammal Nagar, Viraganoor, Madurai -625009.","tier:4, district:Madurai, college_type:AUTONOMOUS"
"Sri Sai Ram Engineering College (Autonomous), Sai Leo Nagar, Poonthandalam Village, Dharkast Post, West Tambram, Kanchipuram, Chennai-600044.","tier:2, district:Chennai, college_type:AUTONOMOUS"
"St. Joseph's College of Engineering (Autonomous), Jeppiaar Nagar, Old Mamallapuram Road, Kanchipuram, Chennai-600119.","tier:2, district:Chennai, college_type:AUTONOMOUS"
"Government College of Engineering Srirangam Sethurappatti Tiruchirappalli District 620012","tier:3, district:Kanchipuram, college_type:GOVT"
"Kongu Engineering College (Autonomous), Perundurai Railway Station Road,Thoppupalayam,Perundurai, Erode-638052.","tier:1, district:Erode, college_type:AUTONOMOUS"
"Sri Krishna College of Technology (Autonomous), Kovaipudur Post, Coimbatore-641042.","tier:2, district:Coimbatore, college_type:AUTONOMOUS"
"Saveetha Engineering College (Autonomous), Saveetha Nagar, Thandalam Post, Sriperumbudur Taluk, Kancheepuram District-602105.","tier:2, district:Thiruvallur, college_type:AUTONOMOUS"
"University College of Engineering Tiruchirappalli (Bharathidasan Institute of Technology) Tiruchirappalli District 620024","tier:3, district:Kanchipuram, college_type:SF"
"Thanthai Periyar Government Institute of Technology Bagayam Vellore District 632002","tier:2, district:Vellore, college_type:GOVT"
"Sri Ramakrishna Engineering College (Autonomous), Vattamalaipalayam, NGGO Colony Post, Coimbatore-641022.","tier:2, district:Coimbatore, college_type:AUTONOMOUS"
"Karpagam Institute of Technology (Autonomous), S.F. NO. 247,248, L&T Bypass Road, Seerapalayam Village, Bodipalayam Post, Coimbatore-641105.","tier:2, district:Coimbatore, college_type:AUTONOMOUS"
"National Engineering College (Autonomous), K.R. Nagar, Nalattinputhur, Kovilpatti, Tuticorin District-628503.","tier:3, district:Unknown, college_type:AUTONOMOUS"
"Easwari Engineering College (Autonomous), Bharathi Salai, Ramapuram, Chennai-600089.","tier:2, district:Chennai, college_type:AUTONOMOUS"
"Dr Mahalingam College of Engineering and Technology (Autonomous), Mackkinaickenpatti Post, Udumalai Road, Pollachi, Coimbatore-642003.","tier:2, district:Coimbatore, college_type:AUTONOMOUS"
"Hindusthan College of Engineering and Technology(Autonomous), Othakkalmandapam Village, Coimbatore South Taluk, Coimbatore District-641032.","tier:2, district:Coimbatore, college_type:AUTONOMOUS"
"Anna University Regional Campus - Tirunelveli Trivandrum Road Palayamkottai Tirunelveli District 627007","tier:3, district:Tirunelveli, college_type:SF"
"SRM Valliammai Engineering College (Autonomous), S.R.M. Nagar, Kattankulathur, Chengalpattu, Kancheepuram, Chennai-603203.","tier:2, district:Chennai, college_type:AUTONOMOUS"
"PSNA College of Engineering and Technology (Autonomous), Kothandaraman Nagar, Muthanampatti (PO), Dindigul-624622.","tier:4, district:Dindigul, college_type:AUTONOMOUS"
"Saranathan College of Engineering (Autonomous), Venkateswara Nagar, Edamalaipattipudur Post, Panjappur Village, Srirangam Taluk, Tiruchirappalli-620012.","tier:3, district:Kanchipuram, college_type:AUTONOMOUS"
"University College of Engineering Villupuram Kakuppam Villupuram District 605103","tier:2, district:Thiruvallur, college_type:SF"
"KGISL Institute of Technology, 365, KGISL Campus, Thudiyalur Road, Saravanampatti, Coimbatore-641035.","tier:2, district:Coimbatore, college_type:SF"
"Sona College of Technology (Autonomous), Sona Nagar, Thiagarajar Polytechnic College Road, Suramangalam (P.O),Salem District-636005.","tier:2, district:Salem, college_type:AUTONOMOUS"
"R.M.D. Engineering College (Autonomous), R.S.M. Nagar, Gummidipoondi Taluk, Kavaraipettai, Thiruvallur-601206.","tier:2, district:Thiruvallur, college_type:AUTONOMOUS"
"Dr N.G.P. Institute of Technology (Autonomous), Dr. N.G.P. Nagar, Kalapatti Road, Coimbatore-641048.","tier:2, district:Coimbatore, college_type:AUTONOMOUS"
"Government College of Engineering Chettikkarai Post Dharmapuri District 635704","tier:2, district:Dharmapuri, college_type:GOVT"
"Meenakshi Sundararajan Engineering College (Autonomous), C/O I.I.E.T Society No.363, Arcot Road, Kodambakkam, Chennai-600024.","tier:2, district:Chennai, college_type:AUTONOMOUS"
"Rathinam Technical Campus (Autonomous), Rathinam Techzone Campus, Pollachi Road, Eachanari, Coimbatore-641021.","tier:2, district:Coimbatore, college_type:AUTONOMOUS"
"Anna University Regional Campus - Madurai Kanyakumari National Highway Keelakuilkudi Madurai District 625019","tier:4, district:Madurai, college_type:SF"
"K. Ramakrishnan College of Engineering (Autonomous), Kariyamanickam Road, Samayapuram, Tiruchirappalli-621112.","tier:3, district:Kanchipuram, college_type:AUTONOMOUS"
"Hindusthan Institute of Technology (Autonomous), Othakkalmandapam Post, Coimbatore-641032.","tier:2, district:Coimbatore, college_type:AUTONOMOUS"
"Government College of Engineering Gandarvakottai Road Sengipatti Thanjavur District 613402","tier:3, district:Thanjavur, college_type:GOVT"
"Sri Sai Ram Institute of Technology (Autonomous), Sai Leo Nagar, Dharkast Road, West Tambaram, Kanchipuram, Chennai-600044.","tier:2, district:Chennai, college_type:AUTONOMOUS"
"KCG college of Technology (Autonomous), Rajiv Gandhi Salai, Karapakkam, Chennai-600097.","tier:2, district:Chennai, college_type:AUTONOMOUS"
"University College of Engineering Kancheepuram Ponnerikarai Campus NH4 Chennai-Bangalore Highway Karaipettai Village & Post Kancheepuram District 631552","tier:2, district:Chennai, college_type:SF"
"SNS College of Technology (Autonomous), Sathy Main Road, Vazhiyampalayam, Saravanampatti Post, Coimbatore-641035.","tier:2, district:Coimbatore, college_type:AUTONOMOUS"
"Government College of Engineering Melachokkanathapuram Bodinayakkanur Theni District 625582","tier:4, district:Theni, college_type:GOVT"
"St. Joseph's Institute of Technology (Autonomous), Jeppiaar Nagar, Old Mamallapuram Road, Kanchipuram, Chennai-600119.","tier:2, district:Chennai, college_type:AUTONOMOUS"
"St. Xavier's Catholic College of Engineering (Autonomous), Chunkankadai, Kanyakumari District, Nagercoil-629003.","tier:3, district:Kanyakumari, college_type:AUTONOMOUS"
"P.T.Lee Chengalvaraya Naicker College of Engineering and Technology, Oovery, Veliyur Post, Kanchipuram District-631502.","tier:2, district:Kanchipuram, college_type:SF"
"M.Kumarasamy College of Engineering (Autonomous), Thalavapalayam Post,Punjai Thottakkurichi Village, Karur Tk, Karur-639113.","tier:2, district:Unknown, college_type:AUTONOMOUS"
"Builders Engineering College (Autonomous), EBET Knowledge Park, Erode Road Nathakadaiyur, Kangeyam, Tiruppur-638108.","tier:2, district:Erode, college_type:AUTONOMOUS"
"Annamalai University Faculty of Engineering and Technology Annamalai nagar Cuddalore","tier:1, district:Cuddalore, college_type:SF"
"SNS College of Engineering (Autonomous), Sathy Main Road, Kurumbapalayam Post, Coimbatore-641107.","tier:2, district:Coimbatore, college_type:AUTONOMOUS"
"R.M.K. College of Engineering and Technology (Autonomous), R.S.M. Nagar, Puduvoyal, Gummidipoondi Taluk, Thiruvallur District-601206.","tier:2, district:Thiruvallur, college_type:AUTONOMOUS"
"V S B Engineering College (Autonomous), N.H.67, Covai Road, Karudayampalayam (Village & Post), Aravakurichi (TK), Karur-639111.","tier:2, district:Unknown, college_type:AUTONOMOUS"
"Velammal Engineering College (Autonomous), Velammal Nagar, Ambattur-Redhills Road, Surapet, Thiruvallur, Chennai-600066.","tier:2, district:Chennai, college_type:AUTONOMOUS"
"University College of Engineering Nagercoil Nagercoil Industrial Estate Konam Kanyakumari District 629004","tier:3, district:Kanyakumari, college_type:SF"
"Panimalar Engineering College (Autonomous), Bangalore Trunk Road, NazarathPet, Varadharajapuram, Poonamallee, Thiruvallur (DT), Chennai-600123.","tier:2, district:Chennai, college_type:AUTONOMOUS"
"University College of Engineering Tindivanam Melpakkam Tindivanam Villupuram District 604001","tier:2, district:Thiruvallur, college_type:SF"
"Sri Sai Ranganathan Engineering College , Viraliyur Post, Thondamuthur(via), Coimbatore-641109.","tier:2, district:Coimbatore, college_type:SF"
"Sri Ramakrishna Institute of Technology (Autonomous), Pachapalayam, Perur Chettipalayam, Coimbatore-641010.","tier:2, district:Coimbatore, college_type:AUTONOMOUS"
"Anjalai Ammal Mahalingam Engineering College, Kovilvenni, Thiruvarur-614403.","tier:3, district:Kanchipuram, college_type:SF"
"Central Institute of Petrochemicals Engineering and Technology (Formerly Central Institute of Plastics Engineering and Technology) (CIPET) Guindy Chennai 600032","tier:2, district:Chennai, college_type:SF"
"Sri Venkateswara College of Engineering and Technology, Thirupachur, Thiruvallur Taluk & District-631203.","tier:2, district:Thiruvallur, college_type:SF"
"Francis Xavier Engineering College (Autonomous), 103 G2, By Pass Road, Vannarpettai, Tirunelveli-627003.","tier:3, district:Tirunelveli, college_type:AUTONOMOUS"
"Vivekanandha College of Engineering for Women (Autonomous), Sathiyanaickenpalayam Village, Elayampalayam, Tiruchengode, Namakkal District-637205.","tier:2, district:Namakkal, college_type:AUTONOMOUS"
"Coimbatore Institute of Engineering and Technology (Autonomous), Vellimalaipattinam, Narasipuram Post, Thondamuthur Via, Coimbatore-641109.","tier:2, district:Coimbatore, college_type:AUTONOMOUS"
"RAMCO Institute of Technology, North Venganallur Village, Krishnapuram Panchayat, Rajapalayam, Virudhunagar-626117.","tier:3, district:Virudhunagar, college_type:SF"
"Jeppiaar Institute of Technology (Autonomous), Jeppiaar Nagar, Kunnam Village,Sriperumbudur Taluk, Kanchipuram-631604.","tier:2, district:Kanchipuram, college_type:AUTONOMOUS"
"Dr Sivanthi aditanar College of Engineering, Tirunelveli Road, Tiruchendur, Thoothukudi-628215.","tier:3, district:Tirunelveli, college_type:SF"
"Nehru Institute of Engineering and Technology (Autonomous), Nehru Gardens, Thirumalayampalayam (Post), Coimbatore-641105.","tier:2, district:Coimbatore, college_type:AUTONOMOUS"
"K S Rangasamy College of Technology (Autonomous), K.S.R Kalvi Nagar, Thokkavadi, Tiruchengode Tk, Namakkal-637215.","tier:2, district:Namakkal, college_type:AUTONOMOUS"
"KIT - Kalaignarkarunanidhi Institute of Technology (Autonomous), S.F.No. 282,S.F.No. 283 Kannampalayam Post, Coimbatore-641402.","tier:2, district:Coimbatore, college_type:AUTONOMOUS"
"Sri Shakthi Institute of Engineering and Technology (Autonomous), Sri Shakthi Nagar, L & T By-pass Road, Chinniyampalayam Post, Coimbatore-641062.","tier:2, district:Coimbatore, college_type:AUTONOMOUS"
"Knowledge Institute of Technology (Autonomous), KIOT Campus, Kakapalayam (PO), Salem-637504.","tier:2, district:Salem, college_type:AUTONOMOUS"
"University College of Engineering Arni Arni to Devikapuram Road Thatchur Arni Thiruvannamalai District 632326","tier:2, district:Thiruvallur, college_type:SF"
"K.L.N.College of Engineering (Autonomous), Madurai - Nedunkulam Road, Pottapalayam, Sivagangai District-630611.","tier:4, district:Madurai, college_type:AUTONOMOUS"
"Kamaraj College of Engineering and Technology (Autonomous), S.P.G.C.Nagar Post Box12, K.Vellakulam, Virudhunagar-626001.","tier:3, district:Virudhunagar, college_type:AUTONOMOUS"
"Velalar College of Engineering and Technology (Autonomous), Perundurai Road Thindal Post, Erode-638012.","tier:2, district:Erode, college_type:AUTONOMOUS"
"A.V.C. College of Engineering, Mannampandal, Mayiladuthurai, Nagapattinam-609305.","tier:3, district:Nagapattinam, college_type:SF"
"C.K. College of Engineering & Technology, Jayaram Nagar, Chellangkuppam, Cuddalore-607003.","tier:3, district:Cuddalore, college_type:SF"
"Jeppiaar Engineering College, Jeppiaar Nagar, Old Mammallapuram Road, Kanchipuram, Chennai-600119.","tier:2, district:Chennai, college_type:SF"
"SRM TRP Engineering College Irungalur Manachanallur Taluk Tiruchirappalli District 621105","tier:3, district:Kanchipuram, college_type:SF"
"Vel Tech Multi Tech Dr Rangarajan Dr Sakunthala Engineering College (Autonomous), 42, Veltech Road, Avadi, Morai, Thiruvallur-600062.","tier:2, district:Thiruvallur, college_type:AUTONOMOUS"
"SRM Madurai College for Engineering and Technology, Pottapalayam Village, Manamadurai Taluk, Sivagangai District-630611.","tier:4, district:Madurai, college_type:SF"
"JNN Institute of Engineering (Autonomous), Ushaa Garden, 90, Kannigaipair Village, Uthukottai Taluk, Thiruvallur-601102.","tier:2, district:Thiruvallur, college_type:AUTONOMOUS"
"IFET College of Engineering (Autonomous), IFET Nagar, Gangarampalayam, Valavanur Post, Villupuram District-605108.","tier:2, district:Chennai, college_type:AUTONOMOUS"
"Vel Tech High Tech Dr.Rangarajan Dr.Sakunthala Engineering College (Autonomous), No. 60, Veltech Road, Avadi, Morai, Thiruvallur-600062.","tier:2, district:Thiruvallur, college_type:AUTONOMOUS"
"Paavai Engineering College (Autonomous), NH-7, Paavai Nagar, Pachal, Namakkal-637018.","tier:2, district:Namakkal, college_type:AUTONOMOUS"
"Loyola Institute of Technology, Palanchur, Mevalurkuppam, B village, Nazarathpet Post, Sriperumpudur Taluk, Kanchipuram District, Chennai-600123.","tier:2, district:Chennai, college_type:SF"
"University College of Engineering Dindigul Mangarai Pirivu Reddiyarchathiram Dindigul District 62462"2,"tier:4, district:Dindigul, college_type:SF"
"Kongunadu College of Engineering and Technology (Autonomous), Tholurpatti, Thottiam, Tiruchirappalli-621215.","tier:3, district:Kanchipuram, college_type:AUTONOMOUS"
"Jerusalem College of Engineering (Autonomous), Velachery-Tambaram Main Road,Narayanapuram, Pallikkaranai,Chennai-600100.","tier:2, district:Chennai, college_type:AUTONOMOUS"
"University College of Engineering Pattukkottai ECR Road Rajamadam Pattukkottai Taluk Thanjavur District 614701","tier:3, district:Thanjavur, college_type:SF"
"K Ramakrishnan College of Technology (Autonomous), Kariyamanickam Road, Mannachanallur Taluk, Tiruchirappalli-621112.","tier:3, district:Kanchipuram, college_type:AUTONOMOUS"
"Misrimal Navajee Munoth Jain Engineering College, Guru Marudhar Kesari Building, Jyothi Nagar, Thorapakkam, Chennai-600097.","tier:2, district:Chennai, college_type:SF"
"Indian Institute of Handloom Technology Foulke's Compound Thillai Nagar Salem District 636001","tier:2, district:Salem, college_type:SF"
"Mailam Engineering College, Mailam, Tindivanam Taluk, Villupuram District-604304.","tier:2, district:Chennai, college_type:SF"
"Rohini College of Engineering and Technology (Autonomous), Palkumlam, Variyoor Post, Kanyakumari-629401.","tier:3, district:Kanyakumari, college_type:AUTONOMOUS"
"AAA College of Engineering and Technology, Amathur Village, Sivakasi, Virudhunagar-626123.","tier:3, district:Virudhunagar, college_type:SF"
"Kingston Engineering College, Chittoor Main Road, Chiristianpet Village, Mettukulam Panchayat, Katpadi Taluk, Vellore District-632059.","tier:2, district:Vellore, college_type:SF"
"University V.O.C. College of Engineering Thoothukudi Near V.O.C. College Millerpuram Thoothukudi District 628008","tier:3, district:Unknown, college_type:SF"
"University College of Engineering Panruti Chennai-Kumbakonam Highway Panikkankuppam Panruti Cuddalore District 607106","tier:3, district:Chennai, college_type:SF"
"Nehru Institute of Technology (Autonomous), Jawahar Gardens, Kaliapuram, Thirumalayampalayam, Coimbatore-641105.","tier:2, district:Coimbatore, college_type:AUTONOMOUS"
"Mohamed Sathak A J College of Engineering (Autonomous), #34, Rajiv Gandhi Road(OMR), IT Highway, Siruseri, Egattur, Chennai-603103.","tier:2, district:Chennai, college_type:AUTONOMOUS"
"Adhiyamaan College of Engineering (Autonomous) Aeri Campus Dr.M.G.R.Nagar Hosur Krishnagiri District-635109.","tier:2, district:Krishnagiri, college_type:AUTONOMOUS"
"Er. Perumal Manimekalai College of Engineering (Autonomous), 17th Km Hosur - Krishnagiri NH7, Nallaganakothapalli, Near Koneripalli, Hosur Taluk, Krishnagiri District-635117.","tier:2, district:Krishnagiri, college_type:AUTONOMOUS"
"S.A. Engineering College (Autonomous), Poonamallee- Avadi Road, Thiruverkadu Post, Tiruvallur, Chennai-600077.","tier:2, district:Chennai, college_type:AUTONOMOUS"
"Mohamed Sathak Engineering College, Sathak Nagar, East Coast Road, Pudhu Mayakulam, Kilakarai, Ramanathapuram District-623806.","tier:4, district:Chengalpattu, college_type:SF"
"Syed Ammal Engineering College (Autonomous), Dr. E.M.Abdullah Campus, Lanthai, Achunthanvayal Post, Ramanathapuram-623502.","tier:4, district:Chengalpattu, college_type:AUTONOMOUS"
"K S R College of Engineering (Autonomous), K S R Kalvi Nagar, Thokkavadi, Tiruchengode, Namakkal Dist-637215.","tier:2, district:Namakkal, college_type:AUTONOMOUS"
"C.Abdul Hakeem College of Engineering and Technology, Hakeem Nagar, Melvisharam, Vellore -632509.","tier:2, district:Vellore, college_type:SF"
"V.S.B. College of Engineering Technical Campus (Autonomous), S.F. No.91/2A,91/2B,252, 253/1, Solavampalayam Village, Kinathukadavu, Pollachi Taluk, Coimbatore District-642109.","tier:2, district:Coimbatore, college_type:AUTONOMOUS"
"P.S.V.College of Engineering and Technology, Mittapalli, Balinayanapalli Post, Krishnagiri-635108.","tier:2, district:Krishnagiri, college_type:SF"
"Adithya Institute of Technology (Autonomous), S.F.No. 348/1,349/1, Kurumbapalayam, SS Kulam(PO), Coimbatore-641107.","tier:2, district:Coimbatore, college_type:AUTONOMOUS"
"Dhanalakshmi Srinivasan College of Engineering (CBE), NH-47, Palakkad Main Road, Navakkarai Post, Coimbatore-641105.","tier:2, district:Coimbatore, college_type:SF"
"Annai Mira College of Engineering and Technology, Arappakkam Village, Arcot Road, Walaja Taluk, Vellore District-632517.","tier:2, district:Vellore, college_type:SF"
"P.S.R. Engineering College (Autonomous), Appayanaickenpatty, Sevalpatty, Sivakasi, Virudhunagar District -626140.","tier:3, district:Virudhunagar, college_type:AUTONOMOUS"
"Sethu Institute of Technology (Autonomous), Pulloor, Kariapatti, Virudhunagar-626115.","tier:3, district:Virudhunagar, college_type:AUTONOMOUS"
"Velammal Institute of Technology, Chennai - Kolkatta Highway, Pancheeti Village, Ponneri Taluk, Thiruvallur District-601204.","tier:2, district:Chennai, college_type:SF"
"University College of Engineering Ariyalur Kathankudikadu Village Thelur Post Ariyalur District 621704","tier:3, district:Kanchipuram, college_type:SF"
"M.A.M. College of Engineering and Technology, Trichy-Chennai Trunk Road, Siruganur, Manachanallur Taluk, Tiruchirappalli-621105.","tier:3, district:Chennai, college_type:SF"
"Ponjesly College of Engineering, Near Parvathipuram, Alamparai, Veturnimadam Post, Nagercoil-629003.","tier:3, district:Chengalpattu, college_type:SF"
"Mount Zion College of Engineering and Technology, Lena vilakku, Pilivalam Post, Pudukkottai-622507.","tier:3, district:Pudukkottai, college_type:SF"
"SSM Institute of Engineering and Technology, Kuttathupatti Village, Begambur Post, Dindigul Taluk & District-624002.","tier:4, district:Dindigul, college_type:SF"
"Agni College of Technology (Autonomous), Thalambur Off.Rajiv Gandhi Salai, Chengalpattu Taluk, Kancheepuram District-603103.","tier:2, district:Chengalpattu, college_type:AUTONOMOUS"
"Arunachala College of Engineering for Women, Thanka Gardens, Manavilai, Vellichanthai, Nagercoil, Kanyakumari District-629203.","tier:3, district:Kanyakumari, college_type:SF"
"R V S Technical Campus Coimbatore, Kumaran Kottam Campus, Kannampalayam, Sulur, Coimbatore-641402.","tier:2, district:Coimbatore, college_type:SF"
"CARE College of Engineering (Autonomous), No.27, Thayanoor village, Kuttapatti, Tiruchirappalli-620009.","tier:3, district:Kanchipuram, college_type:AUTONOMOUS"
"Meenakshi College of Engineering, 12,Vembuli Amman Koil Street, West K K Nagar, Chennai-600078.","tier:2, district:Chennai, college_type:SF"
"Mangayarkarasi College of Engineering, 7-1-139, 1st Street, Mangayarkarasi Nagar, Paravai, Madurai-625402.","tier:4, district:Madurai, college_type:SF"
"P A College of Engineering and Technology (Autonomous), Palladam Road, Pollachi, Coimbatore Dt.-642002.","tier:2, district:Coimbatore, college_type:AUTONOMOUS"
"Nandha Engineering College (Autonomous), 28, Chennimalaipalayam Road, Pitchandampalayam Post, Erode-638052.","tier:2, district:Erode, college_type:AUTONOMOUS"
"Nadar Saraswathi College of Engineering and Technology, Vadapudupatti, Annanji Post, Theni -625531.","tier:4, district:Theni, college_type:SF"
"Chettinad College of Engineering and Technology, NH-67, Karur to Trichy Highways, Puliyur CF, Karur-639114.","tier:2, district:Trichy, college_type:SF"
"Paavai College of Engineering, Paavai Nagar, NH-7,Pachal, Namakkal-637018.","tier:2, district:Namakkal, college_type:SF"
"University College of Engineering Ramanathapuram Pullangudi Ramanathapuram District 623513","tier:4, district:Chengalpattu, college_type:SF"
"M A M College of Engineering, Trichy-Chennai Trunk Road, Siruganur, Tiruchirappalli-621105.","tier:3, district:Chennai, college_type:SF"
"MRK Institute of Technology, Nattarmangalam Post, Kattumannarkoil, Cuddalore-608301.","tier:3, district:Cuddalore, college_type:SF"
"Arunai Engineering College, Chittor-Cuddalore Raod, Mathur, Tiruvannamalai-606603.","tier:2, district:Cuddalore, college_type:SF"
"JCT College of Engineering and Technology (Autonomous), Pichanur, Coimbatore South Taluk, Coimbatore-641105.","tier:2, district:Coimbatore, college_type:AUTONOMOUS"
"J.J. College of Engineering and Technology, Ammapettai, Poolankulathupatti Post, Tiruchirappalli-620009.","tier:3, district:Kanchipuram, college_type:SF"
"E.G.S. Pillay Engineering College (Autonomous), Old Nagore Road, Nagore Post, Nagapattinam District-611002.","tier:3, district:Nagapattinam, college_type:AUTONOMOUS"
"M.A.M. School of Engineering (Autonomous), Trichy-Chennai Trunk Road, Siruganur, Tiruchirappalli-621105.","tier:3, district:Chennai, college_type:AUTONOMOUS"
"PERI Institute of Technology (Autonomous), Mannivakkam,Tambaram, Kancheepuram, Chennai-600048.","tier:2, district:Chennai, college_type:AUTONOMOUS"
"Arasu Engineering College, Chennai Main Road, Thiruvisanallur - Village, Thiruvidaimaruthur - Taluk, Kumbakonam,Thanjavur-612501.","tier:3, district:Chennai, college_type:SF"
"Dhanalakshmi Srinivasan Engineering College (Autonomous), Thuraiyur Road, Perambalur-621212.","tier:3, district:Kanchipuram, college_type:AUTONOMOUS"
"Tagore Engineering College, Rathinamangalam, Vandalur, Kanchipuram, Chennai-600127.","tier:2, district:Chennai, college_type:SF"
"Kathir College of Engineering (Autonomous), WISDOM TREE, Avinashi Road, Neelambur, Coimbatore-641062.","tier:2, district:Coimbatore, college_type:AUTONOMOUS"
"Aalim Muhammed Salegh College of Engineering, Nizara Educational Campus Muthapudupet, Avadi - IAF, Chennai-600055.","tier:2, district:Chennai, college_type:SF"
"N.P.R College of Engineering and Technology (Autonomous), Punnappatti Village, Uluppakudi, Natham, Dindigul District-624401.","tier:4, district:Dindigul, college_type:AUTONOMOUS"
"Prathyusha Engineering College (Autonomous), Poonamallee-Tiruvallur High Road, Aranvoyalkuppam, Tiruvallur-602025.","tier:2, district:Thiruvallur, college_type:AUTONOMOUS"
"Dhaanish Ahmed College of Engineering, Dhaanish Nagar, Vanchuvancherry, Padappai(Near Tambaram), Sriperumbudur Taluk, Kancheepuram District-601301.","tier:2, district:Chennai, college_type:SF"
"Adhiparasakthi Engineering College, Melmaruvathur, Cheyyur Taluk, Kancheepuram District-603319.","tier:2, district:Chennai, college_type:SF"
"Sree Sakthi Engineering College (Autonomous), 899/1 & 898/2, Bettathapuram, Bilichi Village, Karamadai, Coimbatore-641104.","tier:2, district:Coimbatore, college_type:AUTONOMOUS"
"University College of Engineering Thirukkuvalai Nagappattinam District 610204","tier:3, district:Kanchipuram, college_type:SF"
"S. Veerasamy Chettiar College of Engineering and Technology, S.V.Nagar, Puliangudi (Post), Sivagiri (Taluk), Tirunelveli District-627855.","tier:3, district:Tirunelveli, college_type:SF"
"Krishnasamy College of Engineering and Technology, Nellikuppam Main Road, S.Kumarapuram, Cuddalore-607109.","tier:3, district:Cuddalore, college_type:SF"
"Madha Engineering College, Madha Nagar,Somangalam Road, Kundrathur, Kanchipuram, Chennai-600069.","tier:2, district:Chennai, college_type:SF"
"Nandha College of Technology, 235, Chennimalaipalayam Road, Pitchandampalayam Post, Veppampalayam Village, Erode-638052.","tier:2, district:Erode, college_type:SF"
"Sri Venkateswaraa College of Technology, Sirukulathur, Vadakal Village, Mathur Post, Sriperumbhudur, Kanchipuram-602105.","tier:2, district:Kanchipuram, college_type:SF"
"Annapoorana Engineering College (Autonomous), Sankari Main Road (NH-47), Periyaseeragapadi, Salem-636308.","tier:2, district:Salem, college_type:AUTONOMOUS"
"Dhanalakshmi College of Engineering, Manimangalam Puducheri Road, Manimangalam, Manimangalam Post, Sriperumbudur Taluk, Kancheepuram District, Chennai-601301.","tier:2, district:Chennai, college_type:SF"
"Erode Sengunthar Engineering College (Autonomous), Thudupathi, Perundurai (Tk), Erode District-638057.","tier:2, district:Erode, college_type:AUTONOMOUS"
"Akshaya College of Engineering and Technology, SF No.112/1CPT,114/1,115/1,116/2C, Bagavathipalayam Road,Kinathukadavu, Coimbatore-642109.","tier:2, district:Coimbatore, college_type:SF"
"Karpaga Vinayaga College of Engineering and Technology, G.S.T. Road, Chinna Kolambakkam, Palayanoor Post, Madurantagam Taluk, Kancheepuram Dist-603308.","tier:2, district:Chennai, college_type:SF"
"Renganayagi Varatharaj College of Engineering, Salvarpatti Village & Post, Thayilpatti Via, Sivakasi Taluk, Virudhunagar-626128.","tier:3, district:Virudhunagar, college_type:SF"
"Jansons Institute of Technology (Autonomous), SF.NO.443/1,2, 442/1A & 442/1B Karumathampatty, Coimbatore-641659.","tier:2, district:Coimbatore, college_type:AUTONOMOUS"
"Mahendra Engineering College (Autonomous), Mahendhirapuri, Mallasamudram West, Vadugapalayam Post,Tiruchengodu Taluk, Namakkal District-637503.","tier:2, district:Namakkal, college_type:AUTONOMOUS"
"M.I.E.T. Engineering College (Autonomous), Trichy - Pudukkottai Road, Gundur, Tiruchirappalli-620007.","tier:3, district:Trichy, college_type:AUTONOMOUS"
"St. Joseph College of Engineering, Trinity Campus, Nemili B Beemanthangal Village, Sriperumbudur, Kancheepuram District, Chennai-602105.","tier:2, district:Chennai, college_type:SF"
"Tamilnadu College of Engineering, Palanisame Ravi Nagar, Karumathampatti Post, Coimbatore-641659.","tier:2, district:Coimbatore, college_type:SF"
"Rrase College of Engineering, Vanjuvancherry, Padappai, Sriperumbadur, Kancheepuram -601301.","tier:2, district:Chennai, college_type:SF"
"Jai Shriram Engineering College , Dharapuram Road, Tirupur-638660.","tier:2, district:Unknown, college_type:SF"
"Kings College of Engineering (Autonomous), Punalkulam Village, Gandarvakkottai Taluk, Pudukkottai District-613303.","tier:3, district:Pudukkottai, college_type:AUTONOMOUS"
"Mahendra Institute of Technology (Autonomous), Mahendhirapuri, Mallasamudram West, Vadugapalayam Post, Tiruchengodu Taluk, Namakkal District-637503.","tier:2, district:Namakkal, college_type:AUTONOMOUS"
"SACS M.A.V.M.M. Engineering College, 446, Melur - Alagarkoil Road, Kidaripatti (PO), Alagarkoil Via, Melur Taluk, Madurai-625301.","tier:4, district:Madurai, college_type:SF"
"Adhiparasakthi College of Engineering, G.B.Nagar, Kalavai, Arcot Taluk, Vellore District-632506.","tier:2, district:Vellore, college_type:SF"
"Grace College of Engineering , Chandy Nagar, Mullakkadu, Thoothukudi -628005.","tier:3, district:Chengalpattu, college_type:SF"
"Holy Cross Engineering College, 7/131, Vagaikulam Srivaikuntam Express Road, Sri Mulakarai, Thannoothu Village, Srivaikuntam Taluk, Thoothukudi-628851.","tier:3, district:Chengalpattu, college_type:SF"
"PPG Institute of Technology, Rathnagiri Road, Saravanampatti, Coimbatore-641035.","tier:2, district:Coimbatore, college_type:SF"
"GRT Institute of Engineering and Technology, GRT Mahalakshmi Nagar, Chennai-Tirupathi Highway, Tiruttani, Thiruvallur-631209.","tier:2, district:Chennai, college_type:SF"
"Kings Engineering College, Irungattukottai, Opp. Hyundai Car Company, Sriperumbudur, Kanchipuram-602117.","tier:2, district:Kanchipuram, college_type:SF"
"Sri Ramakrishna College of Engineering, Sri Saradha Nagar, NH - 45, Perambalur-621113.","tier:3, district:Kanchipuram, college_type:SF"
"United Institute of Technology (Autonomous), G.Koundampalayam, Periyanaickenpalayam, Coimbatore-641020.","tier:2, district:Coimbatore, college_type:AUTONOMOUS"
"Muthayammal Engineering College (Autonomous), Kakkaveri, Rasipuram (Tk), Namakkal District-637408.","tier:2, district:Namakkal, college_type:AUTONOMOUS"
"DMI College of Engineering (Autonomous), St.Joseph's Town,Mevalurkuppam B Village, Nazarethpet Post, Palanchur, Kanchipuram, Chennai-600123.","tier:2, district:Chennai, college_type:AUTONOMOUS"
"AVS Engineering College, Military Road, Ammapet, Salem-636003.","tier:2, district:Salem, college_type:SF"
"V V College of Engineering, V.V. Nagar, Arasur Village, Idaichivilai Post, Sathankulam Taluk, Tuticorin District, Tirunelveli-628656.","tier:3, district:Tirunelveli, college_type:SF"
"Suguna College of Engineering, Nehru Nagar (West), Kalapatti Road, Civil Aerodrome (Post), Coimbatore-641014.","tier:2, district:Coimbatore, college_type:SF"
"Theni Kammavar Sangam College of Technology, Theni Main road, Koduvilarpatti (PO), Veerapandi(Via), Theni District-625534.","tier:4, district:Theni, college_type:SF"
"Rajiv Gandhi College of Engineering, Nemili Village, Sriperumbudur, Kanchipuram-602105.","tier:2, district:Kanchipuram, college_type:SF"
"SCAD College of Engineering and Technology, Scad Nagar, Cheranmahadevi, Tirunelveli-627414.","tier:3, district:Tirunelveli, college_type:SF"
"Gnanamani College of Technology (Autonomous), NH-7, A.K. Samuthiram, Pachal Post, Namakkal District-637018.","tier:2, district:Namakkal, college_type:AUTONOMOUS"
"Sree Sastha Institute of Engineering and Technology, Chennai-Bangalore Highway, Chembarambakkam, Thiruvallur District, Chennai-600123.","tier:2, district:Chennai, college_type:SF"
"Bharathidasan Engineering College, K.Bandarapalli Post, Nattrampalli, Vellore District-635854.","tier:2, district:Vellore, college_type:SF"
"Excel Engineering College (Autonomous), NH-47 Salem Main Road, Sankari West Post, Tiruchengode Taluk, Pallakapalayam, Namakkal District-637303.","tier:2, district:Salem, college_type:AUTONOMOUS"
"Apollo Engineering College, Mevaloorkuppam Valarpuram Post, Sriperumbudur Taluk, Kanchipuram District-602105.","tier:2, district:Kanchipuram, college_type:SF"
"Solamalai College of Engineering , S.V Raja Nagar, Veerapanjan, Madurai-625020.","tier:4, district:Madurai, college_type:SF"
"A V S College of Technology, Attur Main Road, Near AVS College of Arts & Science, Chinnagoundapuram, Salem-636106.","tier:2, district:Salem, college_type:SF"
"New Prince Shri Bhavani College of Engineering and Technology (Autonomous), Vengaivasal Main Road, Gowrivakkam, Chennai-600073.","tier:2, district:Chennai, college_type:AUTONOMOUS"
"S.K.P. Engineering College, Chinnkangiyanur, Somasipadi Post, Tiruvannamalai District-606611.","tier:2, district:Chennai, college_type:SF"
"Jayaraj Annapackiam CSI College of Engineering, Margoschis Nagar, Nazareth, Thoothukudi District-628617.","tier:3, district:Chengalpattu, college_type:SF"
"Studyworld College of Engineering, Alagu Nachiamman Koil Road, Palathurai Post, Coimbatore-641105.","tier:2, district:Coimbatore, college_type:SF"
"Einstein College of Engineering, Sir.C.V.Raman Nagar, Seethaparpanallur, Tirunelveli-627012.","tier:3, district:Tirunelveli, college_type:SF"
"Sri Shanmugha College of Engineering and Technology (Autonomous), Pullipalayam, Morur(PO), Sankari Taluk, Salem District-637304.","tier:2, district:Salem, college_type:AUTONOMOUS"
"St. Joseph's College of Engineering and Technology, A.S.Nagar, Ellupatti, Rawasapatti Post, Inathukanpatti Village, Thanjavur-613403.","tier:3, district:Thanjavur, college_type:SF"
"V.R.S. College of Engineering and Technology, Arasur & Post, Ulundurpet Taluk, Villupuram District-607107.","tier:2, district:Chennai, college_type:SF"
"Roever Engineering College, Elambalur (Post), Perambalur-621212.","tier:3, district:Kanchipuram, college_type:SF"
"Adhi College of Engineering and Technology, No. 6, Munu Adhi Nagar, Sankarapuram, Puliambakkam Post, Near Wallajabad Kancheepuram-631605.","tier:2, district:Thiruvallur, college_type:SF"
"R P Sarathy Institute of Technology , Poosaripatty(PO), Omalur Taluk, Salem-636305.","tier:2, district:Salem, college_type:SF"
"Anand Institute of Higher Technology, Kalasalingam Nagar, Old Mahabalipuram Road, Kazhipattur Village, Chengalpattu Taluk, Kancheepuram District-603103.","tier:2, district:Chengalpattu, college_type:SF"
"Shree Venkateshwara Hi-Tech Engineering College (Autonomous), Erode-Sathy Main Road,Sri Kalaivani Nagar, Othakuthirai,K, Mettupalayam (Po), Gobichettipalayam (Tk), Erode (Dt)-638455.","tier:2, district:Erode, college_type:AUTONOMOUS"
"Dhanalakshmi Srinivasan College of Engineering and Technology, ECR, Poonjeri, Mamallapuram, Kanchipuram-603104.","tier:2, district:Kanchipuram, college_type:SF"
"Stella Mary's College of Engineering, Arunthenkanvilai, Azhikal, Kanyakumari-629202.","tier:3, district:Kanyakumari, college_type:SF"
"Bharathiyar Institute of Engineering for Women, 43/3, Deviyakurichi, Attur Taluk,Salem District-636112.","tier:2, district:Salem, college_type:SF"
"Pavendar Bharathidasan College of Engineering and Technology, Thanjai Natarajan Nagar, Opp. to Bharathidasan University, Pudukkottai Main Raod, Mathur, Kulathur, Pudukkottai-622515.","tier:3, district:Pudukkottai, college_type:SF"
"St. Peter's College of Engineering and Technology, College Road, Avadi Taluk, Thiruvallur District, Chennai-600054.","tier:2, district:Chennai, college_type:SF"
"Ganadipathy Tulsi's Jain Engineering College, Chittoor-Cuddalore Road, Kaniyambadi, Vellore-632102.","tier:2, district:Vellore, college_type:SF"
"Arunachala Hitech Engineering College (formerly Lourdes Mount College of Engineering and Technology), Marthandam-Karungal Road, Chundavilai Mullanganavilai, Nattalam Post, Nattalam, Kanyakumari -629195.","tier:3, district:Kanyakumari, college_type:SF"
"Jaya Engineering College, Prakash Nagar, Thiruninravur, Thiruvallur District, Chennai-602024.","tier:2, district:Chennai, college_type:SF"
"Mahendra College of Engineering, 12th KM Attur Main Road, Minnampalli, Salem-636106.","tier:2, district:Salem, college_type:SF"
"Park College of Engineering and Technology, Avinashi Road (NH-47), Kaniyur,Coimbatore-641659.","tier:2, district:Coimbatore, college_type:SF"
"Park College of Technology, Prema Ravi Nagar, Karumathampatty, Coimbatore-641659.","tier:2, district:Coimbatore, college_type:SF"
"PET Engineering College, Thiruchendur Road, Vallioor, Tirunelveli -627117.","tier:3, district:Tirunelveli, college_type:SF"
"P.S.R.R College of Engineering, Appayanaickenpatti, Sevalpatti, Sivakasi, Virudhunagar -626140.","tier:3, district:Virudhunagar, college_type:SF"
"Mar Ephraem College of Engineering and Technology, Malankara Hills, Elavuvillai, Kanyakumari-629171.","tier:3, district:Kanyakumari, college_type:SF"
"Sri Ranganathar Institute of Engineering and Technology, S.F No:162, Athipalayam village, Thudiyalur-kovilpalayam Road, Coimbatore-641110.","tier:2, district:Coimbatore, college_type:SF"
"The Kavery Engineering College, M. Kalipatti, Mecheri (Post), Mettur Taluk, Salem District-636453.","tier:2, district:Salem, college_type:SF"
"Pandian Saraswathi Yadav Engineering College, Arasanoor Village, Thirumansolai Post, Sivaganagi District-630561.","tier:4, district:Chengalpattu, college_type:SF"
"T.J.S. Engineering College, Peruvoyal, Near Kavaraipettai,Gummidipoondi Taluk,Thiruvallur District-601206.","tier:2, district:Thiruvallur, college_type:SF"
"Gojan School of Business and Technology, 80-Feet Road, Edapalayam, Red Hills, Thiruvallur, Chennai-600052.","tier:2, district:Chennai, college_type:SF"
"Arulmigu Meenakshi Amman College of Engineering, Vadamavandal Village, Namandi Post,(Near Kanchipuram),Tiruvanamalai-604410.","tier:2, district:Kanchipuram, college_type:SF"
"P.B. College of Engineering, Chennai-Bangalore High Way, Irungkattukottai, Sriperumbudur Taluk, Kancheepuram District, Chennai -602117.","tier:2, district:Chennai, college_type:SF"
"Salem College of Engineering and Technology, NH-68 Salem-Attur Main Road, Mettupatty Perumapalayam, Salem-636111.","tier:2, district:Salem, college_type:SF"
"Christian College of Engineering and Technology, Near Check Post, Oddanchatram, Dindigul-624619.","tier:4, district:Dindigul, college_type:SF"
"Surya Group of Institutions, NH-45, GST Road, Vikiravandi, Villupuram-605652.","tier:2, district:Chennai, college_type:SF"
"Easa College of Engineering and Technology, NH-47, Palakkad main Road, Navakkarai Post, Coimbatore-641105.","tier:2, district:Coimbatore, college_type:SF"
"Shanmuganathan Engineering College, Arasampatti, Pilivalam Post, Thirumayam Taluk, Pudukkottai District-622507.","tier:3, district:Pudukkottai, college_type:SF"
"Dhirajlal Gandhi College of Technology, Sikkanampatty, Opposite to Airport,Omalur Taluk, Salem District-636309.","tier:2, district:Salem, college_type:SF"
"Loyola Institute of Technology and Science, P.Bo. No.2, Thovalai - Rajavoor Road, Loyola Nagar, Theroor Village, Thovalai, Kanyakumari District-629302.","tier:3, district:Kanyakumari, college_type:SF"
"Priyadarshini Engineering College, Chettiyappanur Village & Post, Vaniyambadi, Vellore-635751.","tier:2, district:Vellore, college_type:SF"
"J.P. College of Engineering, College Road, Ayikudy, Tenkasi Taluk, Tirunelveli District-627852.","tier:3, district:Tirunelveli, college_type:SF"
"Surya Engineering College, Perundurai Road,Manalmedu, Mettukadai,Kathirampatti Post, Erode-638107.","tier:2, district:Erode, college_type:SF"
"Info Institute of Engineering, S F No.194-200, N.H.209, Sathy Road, Sarakarsamakulam, Kovilpalayam, Coimbatore-641107.","tier:2, district:Coimbatore, college_type:SF"
"M.P.Nachimuthu M.Jaganathan Engineering College, Chennimalai, Erode-638112.","tier:2, district:Erode, college_type:SF"
"PSN College of Engineering and Technology (Autonomous) Melathediyoor Tirunelveli-627 152","tier:3, district:Tirunelveli, college_type:AUTONOMOUS"
"CSI College of Engineering, Ketti Valley, The Nilgiris-643215.","tier:2, district:Unknown, college_type:SF"
"Dhaanish Ahmed Institute of Technology, Pitchanur Village, Coimbatore-641018.","tier:2, district:Coimbatore, college_type:SF"
"Global Institute of Engineering and Technology, 257/1, Bangalore-Chennai Highway,Melvisharam, Vellore-632509.","tier:2, district:Chennai, college_type:SF"
"Sengunthar Engineering College (Autonomous), Kosavampalayam, Kumaramangalam (Post),Tiruchengode (Taluk),Namakkal District-637205.","tier:2, district:Namakkal, college_type:AUTONOMOUS"
"Trichy Engineering College, somu Nagr,Konalai, Tiruchirappalli-621132.","tier:3, district:Trichy, college_type:SF"
"Idhaya Engineering College for Women, Nainarpalayam Road,Chinna Salem, Villupuram District.-606201.","tier:2, district:Salem, college_type:SF"
"Mother Terasa College of Engineering and Technology, Mettusalai, Illuppur (Post & Taluk), Pudukkottai District-622102.","tier:3, district:Pudukkottai, college_type:SF"
"R.V.S. College of Engineering, RVS Nagar, Karur Road, N.Paraipatti Post, Dindigul-624005.","tier:4, district:Dindigul, college_type:SF"
"Indra Ganesan College of Engineering, Madurai Main Road, Manikandam, Tiruchirappalli-620012.","tier:3, district:Madurai, college_type:SF"
"Sri Ramanujar Engineering College, Vandalur, Kolapakkam, Kanchipuram, Chennai-600127.","tier:2, district:Chennai, college_type:SF"
"Jayalakshmi Institute of Technology, Thoppur, Dharmapuri District-636352.","tier:2, district:Dharmapuri, college_type:SF"
"Saraswathy College of Engineering and Technology, NH-45 Main Road, Olakkur, Tindivanam, Villupuram-604307.","tier:2, district:Chennai, college_type:SF"
"Sri Muthukumaran Institute of Technology, Chikkarayapuram Near Mangadu, Kanchipuram, Chennai-600069.","tier:2, district:Chennai, college_type:SF"
"A.K.T.Memorial College of Engineering and Technology, Neelamangalam( Post ), Kallakurichi Taluk, Villupuram District-606202.","tier:2, district:Chennai, college_type:SF"
"DMI Engineering College, Kumarapuram Road, Aralvaimozhi, Kanyakumari District-629301.","tier:3, district:Kanyakumari, college_type:SF"
"Sasurie College of Engineering, Vijayamangalam, Tirupur District-638056.","tier:2, district:Unknown, college_type:SF"
"Nelliandavar Institute of Technology, Nerunjikorai Village, Pudhupalayam, Ariyalur Taluk & District-621704.","tier:3, district:Kanchipuram, college_type:SF"
"Sir Issac Newton College of Engineering and Technology, Andhanapeetai Post, Pappakoil, Nagapattinam-611102.","tier:3, district:Nagapattinam, college_type:SF"
"Sri Balaji Chockalingam Engineering College, Irumbedu, Arni Taluk,Tiruvannamalai District-632317.","tier:2, district:Chennai, college_type:SF"
"C M S College of Engineering and Technology, Appachigoundapathy, Kumittipathy Post, Coimbatore-641032.","tier:2, district:Coimbatore, college_type:SF"
"Alpha College of Engineering, No.34, Udayavar Kovil Street, Thirumazhisai, Chennai-600124.","tier:2, district:Chennai, college_type:SF"
"Asan Memorial College of Engineering and Technology, Asan Nagar, 9th kilometer, Chengalpattu - Mahabalipuram Highway, Post Box No.6, Chengalpattu-603001.","tier:2, district:Chennai, college_type:SF"
"N.S.N. College of Engineering and Technology, N.S.N, Kalvi Nagar, Karur - Madurai NH-7, Manalmedu, Karur-639003.","tier:2, district:Madurai, college_type:SF"
"Bharath Niketan Engineering College, Shri Gowri Nagar, Thimmarasanaickanoor, Aundipatti, Theni District-625536.","tier:4, district:Theni, college_type:SF"
"G K M College of Engineering and Technology, G K M Nagar, Alappakkam-Mappedu Road, New Perugalathur, Chennai-600063.","tier:2, district:Chennai, college_type:SF"
"SriRam Engineering College, Perumalpattu, Veppampattu R.S., Tiruvallur District, Chennai-602024.","tier:2, district:Chennai, college_type:SF"
"OASYS Institute of Technology, Tiruchirappalli-Thuraiyur Mani Road, Pulivalam P.O Musiri Taluk, Tiruchirappalli-621006.","tier:3, district:Kanchipuram, college_type:SF"
"Vaigai College of Engineering, Therkutheru, Melur Taluk, Madurai-625122.","tier:4, district:Madurai, college_type:SF"
"Parisutham Institute of Technology and Science (Autonomous), NH 67 Ring Road, Nanjikottai, Thanjavur-613006.","tier:3, district:Thanjavur, college_type:AUTONOMOUS"
"AL-Ameen Engineering College (Autonomous), Karundevanpalayam, Nanjai Uthukkuli Post, Erode District-638104.","tier:2, district:Erode, college_type:AUTONOMOUS"
"St. Mother Theresa Engineering College, Vagaikulam, Mudivaithanendal Post, Tuticorin District-628102.","tier:3, district:Chengalpattu, college_type:SF"
"Chendhuran College of Engineering and Technology, Madurai Main Road, Lena Vilakku, Pilivalam Post, Thirumayam Taluk, Pudukkottai District-622507.","tier:3, district:Madurai, college_type:SF"
"Sri Bharathi Engineering College for Women, Aranthangi Road, Kaikurichi, Alangudi Taluk, Pudukkottai-622303.","tier:3, district:Pudukkottai, college_type:SF"
"Christ The King Engineering College, Cecilia Gardens, Chikkarampalayam Village, Karamadai, Coimbatore-641104.","tier:2, district:Coimbatore, college_type:SF"
"Sudharsan Engineering College, Sathiyamangalam, Kulathur Taluk, Pudukkottai District-622501.","tier:3, district:Pudukkottai, college_type:SF"
"PGP College of Engineering and Technology, Namakkal-Paramathi NH 7 Road, Namakkal-637207.","tier:2, district:Namakkal, college_type:SF"
"Arjun College of Technology, 310/1B, Chettiyakkapalayam, Kinathukadavu, Coimbatore-642120.","tier:2, district:Coimbatore, college_type:SF"
"Bethlahem Institute of Engineering, Nadutheri, Karungal, Kanyakumari-629157.","tier:3, district:Kanyakumari, college_type:SF"
"Maha Barathi Engineering College, A. Vasudevanur (post), Chinnasalem, Kallakurichi (Taluk), Villupuram-606201.","tier:2, district:Salem, college_type:SF"
"Meenakshi Ramaswamy Engineering College, M.R.Kalvi Nagar, Thathanur Post, Udayarpalayam Taluk, Ariyalur District-621804.","tier:3, district:Kanchipuram, college_type:SF"
"J.K.K.Nataraja College of Engineering and Technology, Sf No. 147/1,2,4 Komarapalayam Amani, Thattankuttai Panchayat, Tiruchengode, Namakkal-638183.","tier:2, district:Namakkal, college_type:SF"
"R V S Educational Trust's Group of Institutions, RVS Nagar, N.Paraipatti Post, Dindigul-624005.","tier:4, district:Dindigul, college_type:SF"
"Dr G.U. Pope College of Engineering, Pope Nagar, Sawyerpuram, Thoothukudi-628251.","tier:3, district:Chengalpattu, college_type:SF"
"Arifa Institute of Technology, Esanoor, Keelaiyur Post, Tirukkuvalai Taluk, Nagapattinam District-611103.","tier:3, district:Nagapattinam, college_type:SF"
"Shivani Engineering College, Poolangulathupatti (Post), Srirangam (Taluk), Tiruchirappalli-620009.","tier:3, district:Kanchipuram, college_type:SF"
"Pollachi Institute of Engineering and Technology, 107/1, Poosaripatti Village, Pollachi to Dharapuram road, Poosaripatti(post) Pollachi, Coimbatore-642205.","tier:2, district:Coimbatore, college_type:SF"
"Varuvan Vadivelan Institute of Technology, NH 7, Krishnagiri Main Road, Gundalapatty, Dharmapuri-636703.","tier:2, district:Krishnagiri, college_type:SF"
"Asian College of Engineering and Technology, 294/2,Asian College Road, Kondayampalayam, Near Saravanampatti, Coimbatore-641110.","tier:2, district:Coimbatore, college_type:SF"
"Good Shepherd College of Engineering and Technology, Maruthamparai, Kaliyal Village, Kaliyal, Kanyakumari-629151.","tier:3, district:Kanyakumari, college_type:SF"
"Thirumalai Engineering College, Kilambi, Krishnapuram Post, Kanchipuram-631551.","tier:2, district:Kanchipuram, college_type:SF"
"Cape Institute of Technology, Rajakrishnapuram Post, Radhapuram Taluk, Levengipuram, Tirunelvei-627114.","tier:3, district:Chengalpattu, college_type:SF"
"Jaya College of Engineering and Technology, Poonamallee By Pass Road, Parivakkam, Chennai, Thiruvallur-600056.","tier:2, district:Chennai, college_type:SF"
"Unnamalai Institute of Technology, Suba Nagar, Ayyaneri Post, Kovilpatti, Thoothukudi District-628502.","tier:3, district:Chengalpattu, college_type:SF"
"Narayanaguru College of Engineering, Chittadavu, Manjalumoodu, Vilavancode Taluk, Kuzhithurai, Kanyakumari District-629151.","tier:3, district:Kanyakumari, college_type:SF"
"P.T.R. College of Engineering and Technology, Thanapandiyan Nagar, Madurai - Tirumangalam Road, Madurai-625008.","tier:4, district:Madurai, college_type:SF"
"Tagore Institute of Engineering and Technology, Salem-Chennai Bye Pass Road, Deviyakurichi (Po), Attur (Tk), Salem (Dt)-636112.","tier:2, district:Chennai, college_type:SF"
"Selvam College of Technology (Autonomous), Salem Road NH-7, Pappinaickenpatti (Post), Ponnusamy Nagar, Namakkal (Tk & Dt)-637003.","tier:2, district:Salem, college_type:AUTONOMOUS"
"Imayam College of Engineering, Kannanur Post, Thuraiyur Taluk, Tiruchirappalli-621206.","tier:3, district:Kanchipuram, college_type:SF"
"Annai Vailankanni College of Engineering, AVK Nagar, Pothaiyadisalai Pottalkulam, Azhagappapuram PO, Kanyakumari District, Nagercoil-629401.","tier:3, district:Kanyakumari, college_type:SF"
"Vidyaa Vikas College of Engineering and Technology, Varahoorampatti Village, Tiruchengode Taluk, Namakkal-637214.","tier:2, district:Namakkal, college_type:SF"
"Sri Venkateswara Institute of Science and Technology, Kolundhalur, Thiruvallur Taluk & District-631203.","tier:2, district:Thiruvallur, college_type:SF"
"Universal College of Engineering and Technology, Anbagam Campus, Kadambankulam, Villakku, Radhapuram Road, Vallioor, Tirunelveli-627117.","tier:3, district:Tirunelveli, college_type:SF"
"Thangavelu Engineering College, Rajiv Gandhi Salai, Karapakkam, Chennai-600097.","tier:2, district:Chennai, college_type:SF"
"Latha Mathavan Engineering College, Latha Mathavan Nagar, Kidaripatti, Melur Taluk, Madurai-625301.","tier:4, district:Madurai, college_type:SF"
"Sri Raajaraajan College of Engineering and Technology, No.146/4B1, Amaravathi Village, Amaravathypudhur(Post), Karaikudi Taluk, Sivagangai District-630301.","tier:4, district:Sivagangai, college_type:SF"
"Thamirabharani Engineering College, Ward - 1, Thatchanallur, Chattiram Puthukullam Village, Vepakullam - Chidhabra Nagar Road, Tirunelveli-627358.","tier:3, district:Tirunelveli, college_type:SF"
"E.S.College of Engineering and Technology, Chennai Trunk Road, Ayyankoilpattu, Villupuram-605602.","tier:2, district:Chennai, college_type:SF"
"Sri Vidya College of Engineering and Technology, Sivakasi Main Road, P.Kumaralingapuram, Virudhunagar-626005.","tier:3, district:Virudhunagar, college_type:SF"
"Maria College of Engineering and Technology, Attoor Puliyamoodu Junction, Thiruvattar P.O, Attoor, Kanyakumari-629177.","tier:3, district:Kanyakumari, college_type:SF"
"Jaya Sakthi Engineering College, St.Mary's Nagar, Thiruninravur,(Near Avadi), Thiruvallur, Chennai-602024.","tier:2, district:Chennai, college_type:SF"
"Fatima Michael College of Engineering and Technology, Senkottai Village, Kalimangalam Panchayat,Sivaganga Main Road, Madurai-625020.","tier:4, district:Madurai, college_type:SF"
"Ultra College of Engineering and Technology , 69/1, Ultra Nagar, Kodikulam I Bit, Madurai - Chennai Highway, Madurai-625104.","tier:4, district:Chennai, college_type:SF"
"Vins Christian College of Engineering, Vins Nagar, Chunkankadai, Nagercoil, Kanyakumari-629807.","tier:3, district:Kanyakumari, college_type:SF"
"Thiruvalluvar College of Engineering and Technology, Arunachala City,Ponnur Hills, Vandavasi, Thiruvannamalai District-604505.","tier:2, district:Chennai, college_type:SF"
"Sree Sowdambika College of Engineering, Chettikurichi, Aruppukottai, Virudhunagar-626134.","tier:3, district:Virudhunagar, college_type:SF"
"Madha Institute of Engineering and Technology, Irandaam Kattalai, Sadhananthapuram, Thandalam post, Chennai-600122.","tier:2, district:Chennai, college_type:SF"
"Sardar Raja College of Engineering, Raja Nagar, Alangulam, Tirunelveli Distict-627808.","tier:3, district:Tirunelveli, college_type:SF"
"Annai Mathammal Sheela Engineering College, Erumapatty Post, Namakkal-637013.","tier:2, district:Namakkal, college_type:SF"
"St. Michael College of Engineering and Technology, St. Santhiagaper Nagar, Kalayarkoil, Sivaganga District-630551.","tier:4, district:Chengalpattu, college_type:SF"
"SBM College of Engineering and Technology, SBM Nagar, Thamaraipadi(PO), Trichy Road, Dindigul-624005.","tier:4, district:Trichy, college_type:SF"
"Mahendra Engineering College for Women, Komaramanagalam Post,Tiruchengode Taluk,Namakkal District-637205.","tier:2, district:Namakkal, college_type:SF"
"SSM College of Engineering, NH-47 Salem Main Road, Komarapalayam, Namakkal District-638183.","tier:2, district:Salem, college_type:SF"
"Annamalaiar College Of Engineering, Chetpet-Polur Road, Polur Taluk, Thiruvannamalai District-606902.","tier:2, district:Chennai, college_type:SF"
"A.R.J College of Engineering and Technology, Thirumakkottai Main Road, Edayarnatham Village, Sundarakkottai (PO), Mannargudi Taluk, Thiruvarur-614001.","tier:3, district:Kanchipuram, college_type:SF"
"R.M.Engineering College, Zamin Endathur Village, Madurantakam, Kanchipuram-603311.","tier:2, district:Kanchipuram, college_type:SF"
"Annai Veilankannis College of Engineering, 33 Gandhi Road, Nedungundram, Chennai-600048.","tier:2, district:Chennai, college_type:SF"
"Annai College of Engineering and Technology, Anakudi Road, Kovilacheri, Kumbakonam, Thanjavur District-612503.","tier:3, district:Thanjavur, college_type:SF"
"Mookambigai College of Engineering, Srinivasa Nagar, Kalamavur (PO), Keeranur, Pudukkottai-622502.","tier:3, district:Pudukkottai, college_type:SF"
"CMS College of Engineering, CMS Nagar, Eranapuram Post, Namakkal-637003.","tier:2, district:Namakkal, college_type:SF"
"Shreenivasa Engineering College, B.Pallipatti, Bommidi, Pappireddipatti Taluk, Dharmapuri District-635301.","tier:2, district:Dharmapuri, college_type:SF"
"Infant Jesus College of Engineering, Kamarajar Nagar, Tirunelveli-Thoothukudi Highway (NH-7A), Keelavallanadu Village, Ellanayakkan Patti Post, Srivaikundam Taluk, Thoothukudi District-628851.","tier:3, district:Tirunelveli, college_type:SF"
"V S A Group of Institutions, NH-47 Main Road, Uthamasolapuram Post, Salem-636010.","tier:2, district:Salem, college_type:SF"
"Indira Institute of Engineering and Technology, No.1, V.G.R Nagar, V.G.R Gardens, Pandur, Thiruvallur -631203.","tier:2, district:Thiruvallur, college_type:SF"
"KSK College of Engineering and Technology, Thanjavur Main Road, Ammapet (Village), Dharasuram Post, Kumbakonam Taluk, Thanjavur District-612702.","tier:3, district:Thanjavur, college_type:SF"
"Annai Teresa College of Engineering, Thirunavalur, Ulundurpet Taluk, Villupuram District-607204.","tier:2, district:Chennai, college_type:SF"
"Mahath Amma Institute of Engineering and Technology, Ariyur, Mathiyanaloor-Post, Annavasal Road, Illupur Taluk, Pudukkottai-622101.","tier:3, district:Pudukkottai, college_type:SF"
"PSN Institute of Technology and Science, Melathediyoor, Palayamkottai Taluk, Tirunelveli-627152.","tier:3, district:Tirunelveli, college_type:SF"
"PSN Engineering College, Melathediyoor, Palayamkottai, Tirunelveli-627152.","tier:3, district:Tirunelveli, college_type:SF"
"Podhigai College of Engineering and Technology, Salem Main Road, Adiyur Post, Tirupattur Taluk,Tirupattur, Vellore District.-635601.","tier:2, district:Salem, college_type:SF"
"St.Anne's College of Engineering and Technology, Anguchettypalayam, Siruvathur Post, Panruti Taluk, Cuddalore District-607110.","tier:3, district:Cuddalore, college_type:SF"
"Vetri Vinayaha College of Engineering and Technology, Tholurpatti, Thottiam, Tiruchirappalli-621215.","tier:3, district:Kanchipuram, college_type:SF"
"Shree Sathyam College of Engineering and Technology, Manjakkal Patti, Kuppanur Post, Sankari Taluk, Salem District-637301.","tier:2, district:Salem, college_type:SF"
"Satyam College of Engineering and Technology, Satyam Nagar, Kannappannalur, Aralvoimozhi, Kanyakumari District-629301.","tier:3, district:Kanyakumari, college_type:SF"
"SRG Engineering College, SH-95,Mohanur Road, Aniyapuram, Namakkal-637017.","tier:2, district:Namakkal, college_type:SF"
"Jei Mathaajee College of Engineering, No.124, Vishakandikuppam Village, Siruvakkam Post, Kanchipuram-631552.","tier:2, district:Kanchipuram, college_type:SF"
"T.J. Institute of Technology, Rajiv Gandhi Salai, Karapakkam, Chennai-600097.","tier:2, district:Chennai, college_type:SF"
"Udaya School of Engineering, Udaya Nagar, Vellamadi Junction,Ammandivilai Post, Kanyakumarai District, Nagercoil-629204.","tier:3, district:Chengalpattu, college_type:SF"
"C.S.I. Institute of Technology, Thovalai & PO, Kanyakumari District, Nagercoil-629302.","tier:3, district:Kanyakumari, college_type:SF"
"Sivaji College of Engineering and Technology, Manivilai Post, Kanyakumari -629171.","tier:3, district:Kanyakumari, college_type:SF"
"Dr.Navalar Nedunchezhiyan College of Engineering, Raja Nagar, Vaithiyanathapuram, Tholudur, Cuddalore-606303.","tier:3, district:Cuddalore, college_type:SF"
"Karaikudi Institute of Technology & Karaikudi Institute of Management, Keeranipatti Village, Thalakkavur Panchayat, Karaikudi, Sivaganga-630307.","tier:4, district:Chengalpattu, college_type:SF"
"Nellai College of Engineering , Maruthakulam P.O, Nanguneri Taluk, Tirunelveli-627151.","tier:3, district:Tirunelveli, college_type:SF"
"Ganesh College of Engineering, Attur Main Road, Mettupatti, Salem-636111.","tier:2, district:Salem, college_type:SF"
"Jaya Institute of Technology, Kanchipadi, Thiruvallur-Thiruthani NH Road, Thiruvallur Taluk & District-631204.","tier:2, district:Thiruvallur, college_type:SF"
"A.R.Engineering College, Vadakuchipalayam, Kappiyampuliyur post, Villupuram-605601.","tier:2, district:Chennai, college_type:SF"
"Ariyalur TFC center","(TFC num:39) Government Polytechnic College Keelapalur, Ariyalur- 621707,,and,,(TFC num:53) University College of Engineering Ariyalur, Kathankudikadu Village, Thelur Post, Ariyalur - 621 731"
"Chengalpattu TFC center","(TFC num:7) Government Polytechnic College Bharathamadha Street Bharathipuram Chromepet Chennai 600044,,and,,(TFC num:54) University Departments of Anna University, Chennai - MIT Campus, Chrompet, Tambaram Taluk, Chengalpattu District - 600044"
"Chennai TFC center","(TFC num:1) Central Polytechnic College, CIT Campus Tharamani, Chennai  600 113. (Integerated Workshop),,and,,(TFC num:2) Central Polytechnic College, CIT Campus Tharamani, Chennai  600 113. (Integerated Workshop),,and,,(TFC num:3) Institute of Chemical Technology, CIT Campus, Tharamani Chennai-600 113,,and,,(TFC num:4) Central Polytechnic College, CIT Campus Tharamani, Chennai  600 113. (Auditorium),,and,,(TFC num:5)Government Polytechnic College, R.K.Nagar,Chennai-600081(TFC num:6) Government Polytechnic College, Purasawalkam Chennai,,and,,(TFC num:55) Institute of Textile Technology Chennai,,and,,(TFC num:56) Institute of Printing Technology Chennai,,and,,(TFC num:57) State Institute of Commerce Education, CIT Campus Chennai,,and,,(TFC num:58) Anna University, CEG Campus, Guindy Chennai,,and,,(TFC num:102) Dr. Dharmambal Government Polytechnic College For Women"
"Coimbatore TFC center","(TFC num:22) Government College of Technology Coimbatore,,and,,(TFC num:23) Government Polytechnic College For Women Coimbatore,,and,,(TFC num:24) Coimbatore Institute of Technology Coimbatore,,and,,(TFC num:60) Government Polytechnic College, Coimbatore Coimbatore,,and,,(TFC num:61) PSG College of TechnologyCoimbatore,,and,,(TFC num:62) Anna University Regional Campus Coimbatore"
"Cuddalore TFC center","(TFC num:16)Thiru Kolanjiappar Government Arts College, Viruthachlam -606001,,and,,(TFC num:17)Faculty of Engineering and Technology, Annamalai University, Annamalainagar, Chidambaram-608001, Cuddalore District,,and,,(TFC num:63)Government Polytechnic College, Kooduveli, Kattumannarkoil-Tk Pin 608305,,and,,(TFC num:64)University College of Engineering Panruti ,Chennai	Kumbakonam	Highway, Pannikkankuppam, Pincode - 607 106"
"Dharmapuri TFC center","(TFC num:28)Government	College	of	Engineering, Chettikarai, Dharmapuri,636704,,and,,(TFC num:65)Government	Polytechnic	College, Dharmapuri  635 205.,,and,,(TFC num:66)Government Polytechnic College, Kadathur - 635303,,and,,(TFC num:67)Government Polytechnic College Palacode - 636808."
"Dindigul TFC center","(TFC num:34)G.T.N Arts College (Autonomous ), Old Karur Road, Dindigul-624005.,,and,,(TFC num:68)University College of Engineering Dindigul & Maangaraipirivu, Reddiyarchattram, Dindigul 624 622,,and,,(TFC num:69)Arulmigu Palaniandavar Polytechnic College, Dindigul road, Palani-624601"
"Erode TFC center","(TFC num:20)Gobi Arts & Science College, Karattadipalayam Post, Gobichettipalayam- 638453,,and,,(TFC num:21)Government	Polytechnic	College,Karumandicellipalayam,	Sanitorium	(Po), Perundurai, Erode (Dt) 638 053,,and,,(TFC num:70)Government College of Engineering(IRTT), Erode-638316,,and,,(TFC num:71)Sakthi	Polytechnic	College,	Sakthinagar, Appakoodal, Anthiyur Tk, Erode Dt. - 638315"
"Kallakurichi TFC center","(TFC num:15)Government	Polytechnic	College Kattuvannanjur Village Sankarapuram Taluk Kallakurichi District Pin: 606401"
"Kancheepuram TFC center","(TFC num:8)Bhaktavatsalam	Polytechnic	College Karapettai Kanchipuram-631552,,and,,(TFC num:72)University	College	of	Engineering Kancheepuram NH-4 Chennai - BangaloreHighways Ponnerikkarai Karaipettai - 631 552"
"Kanniyakumari TFC center","(TFC num:51)S.T.Hindu College, Nagercoil-2,,and,,(TFC num:83)Government Polytechnic College, Konam, Nagercoil-629004,,and,,(TFC num:110)University College of Engineering Nagercoil, Konam, Nagercoil. 629004"
"Karur TFC center","(TFC num:30)Government	Arts	College	(Autonomous), Thanthonimalai, Karur, 639005,,and,,(TFC num:73)Government	Polytechnic	College, Kaniyalampatti ,Karur-621301"
"Krishnagiri TFC center","(TFC num:29) Government College of Engineering Bargur - 635104,,and,,(TFC num:74) Government Polytechnic College,Krishnagiri- 635001,,and,,(TFC num:75) Government Polytechnic College, Uthangarai -635 207.,,and,,(TFC num:76) Government Polytechnic College, Kelamangalam, (Opp. To Model School, Bodichipalli), Denkanikottai Tk, Krishnagiri Dt 635 113."
"Madurai TFC center","(TFC num:31) Tamilnadu Government Polytechnic College, Madurai-625011,,and,,(TFC num:32) Thiagarajar College of Engineering, Thirupparankundram, Madurai, 625015,,and,,(TFC num:77) Government Polytechnic College For Women, Madurai -625011,,and,,(TFC num:78) Government Polytechnic College Melur- 625109,,and,,(TFC num:79) Government Polytechnic College , Usilampatti-625537,,and,,(TFC num:80) Government Polytechnic College, Chekkanurani, Madurai,,and,,(TFC num:81) Anna University Regional Campus Madurai, Keelakuildi, Madurai - 625019"
"Mayiladuthurai TFC center","(TFC num:52) Srinivasa Subbaraya Polytechnic College, Puthur, Sirkali, Mayiladuthurai District- 609108"
"Nagapattinam TFC center","(TFC num:36)Valivalam Desikar Polytechnic College, Collectorate (Po), Nagapattinam, 611001,,and,,(TFC num:82) University College of Engineering, Thirukkuvalai, Nagappattinam - 610 204"
"Namakkal TFC center","(TFC num:27) Namakkal Kavignar Government Arts College For Women, Namakkal 637001,,and,,(TFC num:84) Government Polytechnic College, Mohanur, Namakkal - 637015"
"Perambalur TFC center","(TFC num:40) Government Polytechnic College,Perambalur-621 104"
"Pudukottai TFC center","(TFC num:43) Govt Polytechnic College , Aranthangi 614616,,and,,(TFC num:86) Government Polytechnic College, Gandharvakottai, Pudupatti Village - 613 301."
"Ramanathapuram TFC center","(TFC num:33) Government Arts College, Paramakudi - 623 701.,,and,,(TFC num:87) University College of Engineering Ramanathapuram, Pullangudi, Ramanathapuram 623 513"
"Ranipet TFC center","(TFC num:11) Arignar Anna Government Arts College for Women, Walajapet, Ranipet Dt -632513"
"Salem TFC center","(TFC num:19) Government College of Engineering, Salem, 636011,,and,,(TFC num:88)Government Polytechnic College, Vanavasi, Salem-636457,,and,,(TFC num:89)Thiagarajar	Polytechnic College,Junction Main Road, Salem - 636005"
"Sivagangai TFC center","(TFC num:45) Alagappa Chettiar Government College of Engineering And Technology, Karaikudi 630003,,and,,(TFC num:90) Government Polytechnic College, Karaikudi - 630003.,,and,,(TFC num:91)Annamalai Polytechnic College,Chettinad - 630102"
"Tenkasi TFC center","(TFC num:47)Government	Arts	And	Science	College, Kadayanallur,,and,,(TFC num:59) Kamarajar	Government	Arts	College, Surandai, Tenkasi - 627 859"
"Thanjavur TFC center","(TFC num:37)Government	Polytechnic	College, Papanasam 61420,,and,,(TFC num:38)Govt.	College of Engineering	Sengipatti, Thanjavur - 613 402,,and,,(TFC num:92)University	College	of	Engineering Pattukkottai, ECR Road, Rajamadam.614701"
"Nilgiris TFC center","(TFC num:26)Government Arts College, Udhagamandalam- 643002. The Nilgiris.,,and,,(TFC num:85) Government	Polytechnic	College, Udhagamandalam , Finger Post, Ooty, The Nilgiris643006"
"Theni TFC center","(TFC num:35) Government	College	of	Engineering, Bodinayakkanur-Theni District 625 582,and,,(TFC num:93) Government Polytechnic College, Theni - 625534,and,,(TFC num:94) Government Polytechnic College,Aundipatti- 625517"
"Thiruvallur TFC center","(TFC num:9) Murugappa	Polytechnic	College,Sathyamurthy	Nagar,	Avadi,	Chennai	- 600062,,and,,(TFC num:10)Loganatha	Narayanasamy	Government College (A), Ponneri,,and,,(TFC num:96)Government Polytechnic College, Sevapettai, Thiruvallur. 602025,,and,,(TFC num:97)AMK Technological Polytechnic College, Chennai-Banglore	High	Road, Sembarambakkam-600123"
"Thiruvarur TFC center","(TFC num:44)Government Polytechnic College, Thozhuvur Colony, Valangaiman. Thiruvarur District. Pin- 612804,,and,,(TFC num:99)Government Polytechnic College, Korukkai - 614711"
"Thoothukudi TFC center","(TFC num:50) Government	Polytechnic	College, Palayamkottai Road, Thoothukudi -628008,,and,,(TFC num:103)Bharathiyar Centenary Memorial Womens Polytechnic College, Ettayapuram  628902.,,and,,(TFC num:104)University	VOC	College	of	Engineering, Thoothukudi"
"Tiruchirappalli TFC center","(TFC num:41) Government	Polytechnic	College, Thuvakudimalai, Trichy,,and,,(TFC num:42) Government	College	of	Engineering Srirangam, Trichy - 620012,,and,,(TFC num:100) Government Polytechnic College Srirangam Trichy 620012,,and,,(TFC num:101) University	College	of	Engineering	(BIT-Campus Anna University Tiruchirappalli - 620 024)"
"Tirunelveli TFC center","(TFC num:48) Government	College	of	Engineering, Tirunelveli - 627007,,and,,(TFC num:49) Rani Anna Government College For Women, Gandhinagar, Tirunelveli -627008,,and,,(TFC num:95) Anna University Regional Campus- Tirunelveli, Trivandrum Road, Palayamkottai, Tirunelveli-627007"
"Tirupathur TFC center","(TFC num:13)Government Polytechnic College, Jolarpet, Thirupathur - 635651"
"Tiruppur TFC center","(TFC num:25)Chikkanna Government Arts College Tirupur 641602"
"Tiruvannamalai TFC center","(TFC num:14) Government Polytechnic College, Cheyyar- 604 407,,and,,(TFC num:98)University College of Engineering Arni, Arni To Devikapuram Road, Thatchur Village, Arni Taluk, Tiruvannamalai - 632326"
"Vellore TFC center","(TFC num:12) Thanthai Periyar Govt Institute of Technology Vellore-632002,,and,,(TFC num:105) Thanthai	Periyar	E.V.RamasamyGovernment	Polytechnic	College, Sivaramapuram, Vellore -632002"
"Viluppuram TFC center","(TFC num:18)Govt Polytechnic College No 27 Kandachipuram Main Road Arakandanallur Post Tirukoilur Taluk,,and,,(TFC num:106)University College of Engineering Tindivanam & Melpakkam Post, Tindivanam, VillupuramDt. - 604307,,and,,(TFC num:107)University College of Engineering Villupuram, Kakuppam, Villupuram-605103"
"Virudhunagar TFC center","(TFC num:46) V.V.Vanniaperumal	College	For	Women, Madurai Road, Virudhunagar,,and,,(TFC num:108)P.A.C. Ramasamy Raja Polytechnic College, Rajapalayam 626108,,and,,(TFC num:109)Ayyanadar Janakiammal Polytechnic College, Chinnakkamanpatti (PO), Sivakasi East - 626189"
